username,password
cdiaz,pass123
gduran,gduran
aflorez,aflorez
jserrano,jserrano
eserrano,eserrano
dcaicedo,dcaicedo
spena,spena
puerto,puerto
paris,paris
catheo,catheo123
performance,performance
carlosa,carlosa
wilbu,wilbu
sondu,sondu
jhervey,jhervey
laia,laia
yura,yura
lewis,lewis
lucho,lucho
rafa,rafa123
lucia,lucia
